content,target
미쉐린이 좆병신이라 생긴 사탠데 욕은 피아가 다 먹은 전설의 경기 ㅋㅋㅋㅋ,1
다른 애들 현역 받고 우울한데 전화로 면제 받았다고 자랑하던 씹새끼 떠오르노 부럽다,1
꼬우면 수능 잘치던가 훠훠 - ,1
이 만화보고 개쫄아서 갔었는데 다행히 불친절하진않았음 ,1
내가 말귀 못알아처먹어서 화낼만도 했는데 요즘은 안저래. ,1
저런거 겪은건 아마 지금 영퐁티새끼들일거임,1
딱히 아픈 것도 없었지만 군의관이 ㄹㄹ 조오오온나 싸가지없이 틱틱대길레,1
"나도 개빡쳐서 ""혹시 까불다가 맞으면 안아프냐?"" 하니까 계속 어 어 거리던 새끼가 네? 이러면서 처음으로 군의관 새끼 얼굴봄",1
"""병신새끼 문앞에서 기다릴테니까 퇴근할때 혼자 나오면 손뭉개버린다"" 갈겨줘도 눈도 못맞주치더라",1
해좆이 나가는 거야 생각했는데 설마 누누신 안 잡을 줄은,1
스탯티즈가 파크팩터 좆같이 구해서 적용하고 욕쳐먹으니까 아예 빼버려서 그것만 봐야했던 거 때문에 그쪽에 익숙해서 그러실 수도 있음,1
생산성 좆도 없는 새끼들이니 걍 최저임금이 딱임,1
싱글벙글갤 병신들 싱글벙글갤 병신들,1
많이 슬프네 어쩌라고 애미터진년들아 하,1
어흐 씹헐년들,1
3번누나 쪼금만 더....더.... 13번 개꼴,1
씨발 다 똑같은 느낌에 다 똑같이 생겼네 진짜,1
저년들은 젖보똥까놓는게 일상이냐?,1
3번 누님 젖통 한번 주물러 보고 싶네,1
군대는 뺀질거리면서 평판 유지하는게 씹씹에이스고 마냥 열심히하는건 걍 윗사람만 흐뭇해하는거임.,1
유도리없는 군대는 자신이건 남이건 누구 한명은 좆되는 엔딩인거 아직도 모르냐? 십 ㅋㅋ,1
아니 한국전쟁 참전자들 취급만 봐도 애국심이 바닥에 처박히는데 노예로 끌려가서 ㅈㄴ 열심히 하는건 정신병자 아니냐?ㅋㅋㅋㅋㅋ,1
지몸 관리도못하면서 군대에서 잘하는건 병신인거고 ㅋㅋ,1
드디어 심진우 병신설이 인정받네. 신병자체가 프로파간다 군뽕 드라마지만 그중 독보적 병신이 심진우 저새끼임,1
군대에서 일 못하던것들이 전역하면 잘할것 같음? 일 못하는것들은 사회나와서도 똑같이 병신인게 대다수임. 군대에선 무리하지말고 적당히가 좋음,1
군대는 최저시급 정도도 안주는 시점에서 무조건 노예행이야 ㅋㅋㅋ 돈부터 제대로 주면서 강제징용하는게 맞지않음? 에이스란 말도 좆같음,1
후임병들 뺑뺑이 돌리고 졸라 패고 하던 새끼 감방가서 빨간줄 끄였는데 그 병신새끼는 자랑스러워 할까?,1
돌아오긴 뭐가 돌아오는데 ㅅㅂㅋㅋㅋ 피해만 안 끼치면 되지 노예라이팅 좆되네,1
군대가 뭔 대가리 쓰거나 기술력 쌓는 일도 아니고 다 단순노동인데 왜 열심히 해 ㅋㅋㅋㅋㅋㅋ 노가다 십장 하려고?,1
어차피 서로 연락도 안하는데 친하게 지내고 개지랄 병신새끼들 ㅋㅋ,1
남에 개새끼짓 하는게 열심히 사는거랑께,1
이 나라에선 안 다쳐서 나오는게 에이스들이다 걍 꼴리는대로 생활해라,1
"여기서 ""이기적이어야 살아남음"" ㅇㅈㄹ 하는 새끼들도 어차피 폐급이라 잘 안된다 ㅇㅇ",1
평소에 앰생짓 하며 인생 씹창내고 군대에서 2~3인분 하는 애들이 미련한거임 ㅋㅋㅋㅋ,1
군대에서는 자기 몸 안 다치는 게 성공한거임 ㅅㅂ,1
군인이 직업이 아닌대 좆빠지게 하는게 미련한거지 ㅠ 프로게이머도 아닌데 하루종일 롤 잡고있는거랑 뭐가 다르노,1
공부를 존나 열심히 했잖아 선택인거지 ㅇㅇ,1
이 나라는 어디 호구새끼 없나 하면서 눈이 벌개져 있음,1
아니 무슨 헬조선 역사를 다 알면서 군대에서 열심히 해??,1
한국에서 한남충 노예계급으로 태어났으면 그냥 노예답게 살아라,1
실베벌레들도 하나같이 이견이 없는거보니 군대 에이스가 사실은 폐급이 맞는거같네요 역시 대한민국 입니다,1
"나도 열심히 해서 에이스 소리듣고, 이새끼는 특전사 갔어야하는 놈이다",1
근데 보통은 저런 편입하는새끼 잘 없고 사람이 습관대로 사는거라서,1
좆같은 새끼가 조카가 뼈빠지게 지사업 부도 안내려고 목숨걸고 뚸댕기는데 바로 집에서 술이나 쳐먹고,1
니는 내가 끝까지 용서ㅡ안할거야 그냥 지옥에 쳐막혀버려 이개새끼야,1
윤항문 새끼가 헛지랄해서 합격 시켜준꼴임ㅇㅇ,1
지구촌갤 병신들 지구촌갤 병신들 지구촌갤 병신들 ㅋㅋ,1
사회나오면 걍 병장만기제대로 퉁치는데 거기서 포상을받네 표창을받네 다 좆도의미없단 걸 전역할 때 깨닫더라,1
군대 안가본 새끼가 쓴 망상글,1
하여튼 가방끈 짧은 새끼들일수록 양심도 애미가 터졌음,1
도태도태 아가리병신같이 털면서 군대도 안 가놓고 관심법쓰고 다 넘겨짚는 주제에 대단한듯 나서는 익명2번같은 피싸개가 제일 문제임,1
댓글로도 피질질싸는년이 익명의 군대에이스 알파남행세하면서 올라타려는게 이슬람이 왜 명예살인하는지 알 것 같다니깐?,1
댓글 진짜 븅신새기들같네 엄마가 얼마나 대단한건데 시간을 버리는게 아니야~라고 해줘야 노예가 양산되는거다,1
한국엔 이상한씨발년놈들이 너무 많다..,1
애새끼 스마트폰으로 유튜브나 학습지 존나 뺑뺑이 돌리며,1
부모가 좆같이못생겨서 애가 좆같이 생겻나보네 좆같이생긴애를 하루종일 쳐다보고있으면 현타가 안올수가없지 ㅋㅋ,1
그거 1년 365일 매일하면 ㅈㄴ질리고 똑같고 공장 반복작업하고 다를게 없겠지,1
한남충들이 못생겼기 때문에 애초에 감정이 생기지 않음,1
직업없는데 돈까지없으면 애비도그렇지만 자식까지 애미무시함 지금이라도 걍 지랄말고 빨리 직장잡는게나음ㅇㅇ,1
좆대남들도 지들이 능력없는건데 사회탓하며 징징거리잖아,1
한남충들 월급 벌어온다고 생색내잖아 주부하다보면 도태되는 기분 어쩔수없지,1
그럼 니가 돈처벌어 씨발년아. 군대도 못가는 장애성별년이,1
정말 육아+내조+집안일 좆빠지게하면 저딴 생각 들수가없고 공부?ㅋㅋㅋ 개소리하네,1
아 아니면 한녀아가리랑 다르게 애보는거랑 집안일이 개좆밥인가?ㅋㅋ,1
무슨 씨발 밥차리고 집안일하고 애보는데 하루가 다가노 다가긴 지랄을 하고 있노ㅋㅋㅋㅋ,1
자취 경험 있는 새끼는 알겠지만 집안일이라는 게 진짜 개좆도 별 거 없음 애보기 힘든 건 인정인데 그걸 또 뭔 하루종일했겠노?존나 유난떠는 거지ㅋㅋㅋㅋ,1
개좆같은 씨발년이네,1
씨발련이,1
이 개 좆같은년아 씨발년아,1
겨드랑이 점 빨아먹고싶네ㅆㅂ,1
한녀새끼들 망상 수준 ㅋㅋㅋㅋㅋ 역시 싱벙갤 한녀충들 못 말린다니까 ㅋㅋㅋㅋㅋ 알페스나 보러가 형냐,1
싱벙갤 애미뒤졌으면개추,1
보릉내 좆될듯 킁카킁카,1
개좆소 생산직이라 저런 거 없다 컄ㅋㅋ,1
이런년이면 평생직장이지 시발,1
좆같은 련이네,1
똥꼬 헐때까지 잘빨아줘야함,1
팩트인데 짤은 관계없고 저런 캐릭터 대신에 뭔 검버섯 핀 늙다리 노괴년이 있다는거임,1
짤이랑 관계없이 개 씨발아줌마가 저럼,1
짤없이 글만보면 진짜 이렇게 ㅈ같을수가 없다,1
이거 야애니에서 보던 캐릭턴데 씨발ㅋㅋㅋ 아닌가,1
ㅂㅅ이딴거 보면서 추잡한 욕망 품는게 도태한남스럽노,1
한남의 성욕은 진짜 레전드다ㅅㅂ,1
ㅅㅂ 상상만 해도 끔찍하네ㅋㅋ 이세계전생 보정해주겟지,1
현실 못생긴 노괴 한녀 아줌마 끝,1
저런년들 김치끼 존나 오질듯 취집에 목숨걸듯 ㅋㅋ,1
와씹 미친 개고수네 퀄미쳤는데,1
개씹고수네 이렇게잘하면서왜...,1
밐구만두 개귀엽네ㅋㅋ,1
아니 개고수잔아,1
아니 씹고수 뭔데,1
옛날이었으면 힛갤갔을텐데 병신같은 실베를 만들고 힛갤을 쳐없앴네 ㅋㅋ,1
이런거 일본애들이 좀 봐주면 안되냐 존나감동할거같은데,1
옛날이었으면 힛갤갔을텐데 병신같은 실베를 만들고 힛갤을 쳐없앴네 ㅋㅋ,1
개무섭네 근데 돈코츠는 돼지꾸렁네안나나??,1
대가리 반가르는거 ㅈㄴ 잔인하네,1
듣고보니 씨발이네 아주ㅋㅋ,1
그건 아님 그냥 저렇게 처먹는 문화가 있더라.. 그것도 존나 오래됨,1
"씹죠센: 현실, 엽기소아성범죄 실재",1
춍랜드 춍숭이 << 개ㅈ거지들밖에 없음 ㅋㅋㅋㅋㅋㅋㅋㅋㅋㅋㅋㅋ 춍숭이 오열 ㅋㅋㅋ캌ㅋㅋㅋㅋ,1
개똥센 = 마이너스 성장 따이이잇 ㅋㅋㅋㅋ 내수붕괴 따따잇ㅋㅋㅋㅋ,1
북한 하나 못뚫어서 분단에 갇혀사는 불쌍한 몽고잡종ㅋㅋ 센몽숭,1
원종아 동조센은 완벽해서 애초에 저런짓은 없다면서 이제와선 개선하니까 선진국이라고 쳐 빨고있노 ㅋㅋㅋㅋㅋㅋㅋㅋ 애미터졌노,1
지들도 버닝썬같은 굵직한 사건 얘기하면서 꼽주면 면상 시뻘개져서 화낼거면서 방송에서 남의나라 치부 들추면서 일본은 참 대단한나라다~ 이지랄 ㅋㅋㅋ,1
계집년들은 원래 저렇게 다루는게 맞다 ㅋㅋ 근본있는 나라는 다르네 ㅇㅇ,1
초딩 콜걸은 유야무야 넘어가고 방구석 2d 로 딸 잡는 한남은 페도 닭장할거 없이 패는 개조센이 웃을 일이노?,1
"중국에서 몸캠 당하고, 송트남 보짓털? ㅋㅋㅋ",1
한남들이 일본을 부러워하는 이유 - 치한 성추행은 기본 어릴때부터 강간당해도 신고하는 여자가 이상한거라고 세뇌하는 등 여성인권이 씹창나서 여자 후리고 다니기 쉬움,1
정치 관료들 개지랄 떠는 건 어느나라나 마찬가진데 일본 어쩌고 호들갑 웃기긴 함 ㅋ,1
한국은 돈없는 개돼지들만 유흥못하지 ㅇㅇ,1
저게 옳게 된 나라요 조또 모르는 것들이 꼭 비난하지,1
개돼지들은 모르겠지만 머한민국에도 저런거 다 있음 일반 서민들은 못하지만 일본은 일반인들도 가능하다는게 차이점일뿐,1
대가성 있는 접대가 문제지 저런 업소를 문제 삼을 이유는 없지 보지파는 가게도 멀쩡히 영업하는데,1
개씹구라 세트장이라도 갔나,1
이새낀 핀트도못잡노 누가 욕하지말라함? 너가 저능아라고 그냥,1
더 병신같은데 살면서 덜 병신인나라욕하는데 딱 저능아죠? ㅋ,1
5060 개ㅂㅅ 성범죄자 새끼들 ㅋㅋ,1
3년전 2조원 카드깡한 음식점이 씨발 음식을 팔았겠노,1
병신새끼들 꼴좋노 ㅋㅋ,1
보지가 뭐길래 그....챰,1
kt 도 화웨이쓴다 병신년아 ㅋㅋ skt 2300만 kt 1854만 lg 29만 병신새끼야,1
위에 이새끼들 뭐함? 누가 화웨이 얘기했음?,1
LG는 예전에 미군한테 존나게 쳐맞고 화웨이장비 계속 줄이는중이고 SKT는 유선장비 아직도 화웨이 존나게씀,1
행정지도? 뭐 어쩌라고 좆까라해라 ㅋㅋ,1
뭐가 과해 시발아 피해자 행세를 하고 있네. 그동안 그 많은 가입자들한테 폭리를 취했는데 그것도 담합으로,1
이걸 지들 기업 알아서 안하고 위에서 하라고 권고하네 에휴 ㅆㅂ. 가족결합된 새끼들 외에 이래도 SKT 계속 있는 능지 낮은 새끼들은 정말 안타까울 따름.,1
에휴 장인어른이 대통령이었으면 개돼지들 폰해킹따위 싹 다 덮어줬는데 진짜 빽 없어서 서러워 뒤지겠잖아 ㅋㅋㅋㅋㅋ,1
"과징금 해봤자 전체 매출액에서 3퍼센트.. 그것도 이번에 해킹당한거랑 관련 없는 매출은 제외 즉, 과징금 ㅈ도아니란거임..",1
국회에서 나랏밥쳐먹는 씨발녀나 도둑맞는 집에 뭘 따져물어 병신녀나,1
도둑부터 잡으라고 강력하게 외쳐봐 이씨발머저리같은년아,1
민주당원 입갤 ㄷㄷ 빨갱이 잘있누?,1
그냥 SKT터트리면 안됨? 개좆같은데,1
이거 썡까도 되는거임 ㅋㅋㅋㅋㅋㅋㅋㅋㅋㅋㅋㅋㅋㅋㅋㅋㅋㅋ,1
나랏일 하는 씨발새끼들 지들도 피해받으니까 빡세게하는거 보소 ㅋㅋㅋㅋㅋㅋㅋㅋㅋㅋ 뭔 일 터져서 일처리가 안된다 싶으면 대가리새끼들 피해보게 만들어야해,1
건물 진짜 ㅈ같이생겼노 ㄷ,1
skt 해체 안시키고 뭐하냐 이 씨발 좆같은 정부 개새끼들아 돈 얼마나 받아 처먹은거야?,1
공무원 부처 새끼들 대체 얼마나 쳐먹은건지 잔머리 하나는 진짜 잘굴린다,1
이 개새끼들은 이게 맞아. 알아서 여야 양당에 쳐맞을 각 나오고 있는데 제정신인 새끼들이면 지들이 알아서 신규 가입 일단 중단하고 이쪽으로 유심 전부 투입하겠다고 기사 내고 먼저 움직여야 하는 거 아님?,1
지금 좢되는건 신규가 아니라 번호이동 위약금(할부원금이든 통신요금할인든) 임.,1
"지금 분위기상 위약금 삭제하면 바로 KT LG 아가리 벌리고 기다릴텐데, 바로 수백만명 빠져나가고 좆되는거임.",1
고소할거라는말도 있던데 진짜 좆된듯,1
병신들 ㅋㅋㅋ 잔머리굴리다가 철퇴맞노,1
양파 감자 볶음밥에 후추뿌려먹으면 존맛인데,1
오므라이스에 양파볶은밥 안넣냐 병신들아 ㅋㅋ,1
볶음밥에 양파넣으면 좆노맛,1
볶음밥에 양파가 대존맛인데 그걸 안넣을거면 볶음밥 왜먹음ㅋㅋㅋㅋ,1
이건 또 뭔 개소리임? 케찹이나 뭔 짜장소스 오므라이스에 소스 올려먹는 그런 볶음밥이 아니라 보통 정통 계란 볶음밥에 양파는 진심으로 맛을 해치는 요손데?,1
칩 저새끼가 종팔이보다 병신 아닌가?ㅋㅋ,1
내가 넣어서 하면 하는거지 그걸 영상에서 보고 넣었다고 ㅈㄹ 또 다른거 안넣으면 안넣었다고 ㅈㄹ,1
진짜 ㄱㅂㅅㅅㄲ들 밖에 없네 니들이 먹는것도 아닌데 왜 ㅈㄹ인지 이해가 안감 그래놓고 뭐라하면,1
양파넣는거 개병신짓 맞긴한데 뭔 ㅋㅋ,1
양파는 조리방법에 따라 바리에이션이 ㄹㅇ 존나 많음,1
종팔이보다 병신새끼들이 까면 뭐함?,1
볶음밥 양파 넣으면 존나 맛있는데 울엄마가 맨날 그렇게 해줌 그래서 존나 이상했었는데 백종원이 한말이엿구나,1
애초에 요리 진짜로 좋아하는 놈들은 진작 뿌가 걸렀어 ㅋㅋㅋ 레시피부터 병신이라,1
개센징 병신새끼들 ㅋㅋㅋㅋㅋ,1
파로호 때 짱깨 죽이긴 했는더,1
간적으로 개보지창년들 퇴직금 줄돈있으면 병사들 인권침해부터 배상했어야함,1
ㅅㅂ 옛날생각나네 숙영하는데 자다가 경계근무하러 나갔는데 발 얼어서 군화 반대로 신은지도 몰랐음 자고 일어나서 눈치깜,1
조센징은 구라 선동이 패시브임 ㅋㅋㅋㅋㅋ,1
정신딸딸이가없으면 못사는 영퐁티 ㅋㅋ,1
병무청 요즘 존나 악랄하다는데? 장애있거나 심한 새끼들도 끌고간다고?,1
병무청 악랄해봣자 막상 군대가면 병신들한테 뭐 안시킴 ㅋㅋ 빠릿빠릿한 새끼들이 일 더 하지 걍,1
진짜 야매로 인원 수송하는 부대 새끼들 노답이네.,1
지랄 좃같으면 공익들이 그냥 입대하겠지 병신아 공익안가고 ㅋㅋ,1
지금생각해보면 가장미개하고 유치한곳이 군대더라 나이도얼마안먹은 개좆도아닌것들이 사람갈구고 괴롭히고 병신같은악폐습 아주 시발 ㅋ,1
불침번 이건 왜하는건지 존나이해안되긴함ㅋㅋ,1
쓰레기 짐승새끼들만 사는 나라 ㅋㅋㅋㅋ,1
이거 진짜 어린놈의 새끼인가??,1
씹새야 국민의 의무면 걍 싸닥치고 하는거지 뭔 시발 권리만 찾아먹고 의무는 안할려고하노 시발 ㅋㅋ,1
세금걷어가는것도 강제로 걷어가지만 그게 이 나라에서 살기위해선 해야하는 의무니까 하는거야 병신아 ㅋㅋ,1
강제징집이니 ㅈ같은논리다 ㅇㅈㄹ하는거보면 시발 ㅋㅋ,1
쯧쯧...개센징은 주제를 알고 대일본제국의 충실한 신민으로 살았어야 스스로도 행복했을텐데 ㅋㅋ,1
현실은 신민도 아니고 2급 천민 만도 못한 병신 취급 ㅋㅋㅋ,1
이상허다 좆대남새키들이 분명 역대급 꿀빤세대랫는디?,1
신검 때문에 유사의새 새끼들이 가라형식으로 검사해서 다 현역으로 넘겨 보내고 조뺑이 치는 동안 혹시라도 불구 되거나 죽으면 느그아들 ㅋㅋ,1
사건은 그저 뒤덮기 바쁘고 애국심은 존나게 강요함 ㅋㅋㅋ,1
그만큼 개개인 학벌대비 인권대접이 개쓰레기였던시절이니까,1
사람이 악마화되는거다 워낙 끔찍했던 기억이라 좆대남같이,1
저 부대가 개폐급일수도 있는데 98군번이면 한창 소원수리 자리잡을때라 저지랄 못할땐데 ?,1
아픈건 참은놈이 병신이고 지 밥그릇 지가 챙겨야지 뭘 눈치를봄,1
다행히 겨울이라 땀도 안나고 냄새도 덜해서 다행이었지 시발 ㅋㅋ,1
진짜 586은 나라구한다고 새빠지게 고생했네,1
어그래징병률 존나낮은 개날먹병신세대 ㅋㅋ,1
그래서 리짜이밍께서 저딴나라 멸망시키고 새나라 만드려고하잖아 2찍새끼드라,1
2000년대초에 병장월급이 12000원이였는데 개씹구라새끼야 ㅋㅋㅋ,1
좆팔륙 새끼들은 저런 군대 나오고 국뽕에 미쳐사는게 진짜 장애새끼들이 분명함,1
싱글벙글갤 병신들 싱글벙글갤 병신들 싱글벙글갤 병신들 ㅋㅋ,1
권한대행 자리가 가볍다 가벼워 ㅋㅋ 버러지새끼 에휴,1
그렇게 잘 알면서 별 병신 같은 사유로 국무위원들 줄탄핵 시켜놓고 헌재에서 싹다 기각 당하고,1
경제부총리는 대대행하기도 전에 탄핵한다고 지랄하는 개버러지 같은 새끼들,1
나라를 완전 씹창내놓네.......,1
친윤 허수아비인거 누구나 다 아는데 헛꿈꾸고 있네 ㅋㅋ 미친개틀딱,1
이런 새끼특)바이든은 존나게 빰,1
ㅈㄹ하네 바이든 치매 올거 예상한게 나임,1
걍 닥치고 한덕수로 가쟈. 누가되든 아수라다. 찢재명 한동훈 둘다 절대 안됨,1
곧 뒤질 노인네는 안됨 걍 닥치고 이준석으로 가면 됨,1
보수 새끼들 좆까라고 하고 이재명 찍는다.,1
목카 상황이 걍 존나 웃기노ㅋㅋㅋ,1
비리 잡는거 잘하면 걍 비리나계속 쳐 잡으라그래 이 개병신년아 ㅋㅋ,1
윤석열도 씨발 같은논리로 대통령세웠다가 아무것도 몰라서 문재인 반만큼 똥싸고 기어내려갔는데 저능아새끼야 ㅋㅋ,1
바퀴벌레 좆선족 짱깨들과 찢갈이 벌레 새끼들이 보기만해도 ㅂㄷㅂㄷ 개발작 하는 킹덕수 ㅋㅋㅋㅋㅋㅋㅋㅋㅋㅋㅋ,1
한동훈은 5분만에 명분과 실리로 이재명 좃바른다,1
친윤 조까,1
두창이는 뒤도 없이 좆빠가 깡이 있는데 넌 그게 없잖아 ㅋㅋ,1
시발새끼들 뭐 지들끼리 해쳐먹을생각만하니깐 뭐 어떻게 돌아가는지모르겠네,1
이러면 누가 니네를 뽑아주냐 이개등신같은새끼들아 이재명같이 확실한새끼가 오히려 잘먹히겠다,1
시발새끼들아 아 이런개병신같은새끼들진짜,1
저새끼 내란도 못막은 철밥통 앞가림 공무원 그 자체인데 누가 뽑음? 시발 경북괴새끼들은 다 쳐 돌았네,1
이대남 병신들아 살코에나 쳐박혀있지 여기서 이준스기 타령하고 있노?,1
"찢재명 이번 대선 토론에서는 또 무슨 ""원화 기축통화"" 같은 개소리를 해서 국민들을 웃겨줄지 기대됨",1
이새끼 내란 공범 새끼가 뭔 대통령을 한다는거냐??????,1
바위에서 밀어버리는게 푸쉬냐 이 푸씨새끼야,1
애미뒤진 한중마늘협상하던 한덕수?? 지랄을 하노 씨발 ㅋㅋ,1
윤석열 이병신때문에 이제 개나소나 하려고함 ㅋㅋ,1
윤석열 전부터 찢재명 같은 잡범 범죄자새끼도 대선 나오려고 했는데?? ㅋㅋㅋㅋㅋㅋㅋㅋㅋ,1
맞음 두새끼 때문에 개나소나 하려고함,1
개나소나는 씨발 ㅋㅋㅋ 한덕수가 개나소로보이노?,1
진짜 인물이 없네ㅋㅋㅋㅋㅋㅋㅋㅋㅋㅋㅋㅋ,1
상목이 똥 밟았노 ㅋㅋㅋㅋㅋ,1
보나마나 개석열이 뒤에서 움직였겠지,1
내란견 개털린거 개웃기노 ㅋㅋㅋㅋㅋ,1
병신 센덕수새끼 깝치고 있넼ㅋㅋㅋ,1
좌빨짱개들 양념 ㄷㄷㄷ,1
드루킹 우마오 짱깨부대 풀가동 가자 ㅋㅋㅋㅋㅋㅋㅋㅋㅋ,1
짱깨련들 침투력보소,1
존나 웃기긴 하노 ㅋㅋㅋㅋㅋ 영화도 이따위로 만들면 욕처먹을듯 ㅋㅋㅋㅋ 전과 4범이 유력 후보에 지랄지랄 오만지랄이노 ㅋㅋㅋㅋㅋ,1
이 내란병신견새끼들아??ㅋㅋ,1
응 등신아 니가 말한 건 헌법을 바꿔야 되는거야 대통령 불소추은 헌법사항이거든 알아듣겠냐? 이 돌대가리 버러지새끼야?,1
니들이 그렇게 빨아대는 미국도 트럼프도 당선인신분에서 처벌안받았어 ㅋㅋㅋㅋ,1
하긴 씨발 김문수 같은 새끼 꺼내오는 당이 뭐 감이 있겠냐만 ㅋㅋㅋㅋ,1
아니 댓글들 시발 이게 개딸 대깨문 팬덤이지 어딜봐서 보수정당 후보 팬덤이노 ㅅㅂ ㅋㅋ,1
째메이 미친새끼 대장동 관련자들 죄다 살자 시키고도 말한마디를 못참아서 유죄받노 ㅋㅋㅋ,1
찢 84조해먹음? ㅅㅂ ㄷㄷㄷㄷ 2조해먹은 스트 회장보다 대단하노,1
"군이 따라주겠냐? 그 순간 바로 젊은층들 "" 미친 빨갱이 새끼들이 나라 뒤집는다 "" 하고,",1
군에서 반란모의하고 그러면 씨발 그 민주당 개버러지 새끼들이 늘 씨부리던 군부정권 들어서는거다.,1
"이번 윤석열 씹새가 한 계엄도 만약에 군이 "" 이 씨발 새끼들 좆 같네? "" 하고 싹 밀었으면",1
하지만 그래도 믿고 처찍는 뇌가없는 거의 간첩과 일체된 1찍이들과 노가다뛰는 못배운새끼들이랑 오팔육개딸들이 있죠?,1
그럼 ㅅㅍ 트럼프도 감옥 가냐?? ㅋㅋㅋㅋㅋㅋㅋㅋ,1
ㅄ 벌레 ㅅㄱ들은,1
한빠새끼 개역겹네 숟가락 얹을라고 ㅋㅋㅋ,1
니들 교주 찢재명이가 좆된 거다 이 등신 버러지 찢갈이새끼야,1
글 좆같이 못 쓰노,1
비대위원장일때 선거도 좆발려 뭘 이겨?,1
나 한가발 지지하는데 이런 식의 개병신좆같은 꼴값은 좀 안 떨어줬으면 좋겠다,1
도지한테 쳐발릴거 아니노?,1
충격오열줌 개좋아,1
등신아 니가 말한 건 헌법을 바꿔야 되는거야 대통령 불소추은 헌법사항이거든 알아듣겠냐? 이 돌대가리 버러지새끼야?,1
솔직히 국민의힘이 이재명 공격하는 건 진짜 감 다 뒤진 병신임,1
하긴 씨발 김문수 같은 새끼 꺼내오는 당이 뭐 감이 있겠냐만 ㅋㅋㅋㅋ,1
못배운티가 아니라 걍 재미로 저러는거다 은현장 공석에서 만나면 존나 깍듯한 사람임,1
ㅇㅈㄹ하네 좆병신인가 자기보가 아래인사람 한테 반말 찍찍하고 대놓고 표정 구기고 하대하는게 방송에 가끔씩 잡히는데 못배운티 안낸다 ㅇㅈㄹ 뿌슬람 새끼 ㅋㅋ,1
이새끼가 뿌가보단 훨씬 낫다,1
저새낀 백종원보다 더 비호감인데,1
저지능개돼지한테이유를묻지마,1
재밌는새끼네 이거,1
이때다 싶어 올려치기 존나 하네,1
둘다 개병신이야 장애인들아,1
은현장이 낫지 뿌슬람 병신새끼들아 ㅋㅋㅋ,1
우리나라 국회의원 맞나? 그냥 간첩 ㅅㄲ들인거 같은데,1
이게시발 나이 50 60들 쳐먹은 새끼들이 할짓이냐?,1
이새끼 청문회에서 경제로도 존나 털리더니 도망치넼,1
이새끼는 보지도 않았네 세수 결손으로 존나 털리고 말한마디 못하고 도망쳤는뎈ㅋ,1
탄핵한다고 난리치더니 관둔다니까 관둔다고 지랄 ㅋㅋㅋㅋㅋ,1
연금 받을려고 도망가는 최상목이. 존나 추하죠,1
탄핵 한 1000만명 하면 그다음은 나도 대통령 대리 쌉가능인가 하고 ㅋㅋㅋㅋㅋㅋㅋㅋㅋㅋㅋ,1
교육 제대로 못받은 틀딱 새끼들 당이라는걸 인정하는거냐?ㅋㅋㅋㅋㅋ 역시 경상도 노인네당ㅋㅋㅋㅋㅋㅋ,1
일본은 싫어하는데 2천년간 한반도 침탈한 짱깨는 좋아하는거 보면 교육 문제인거같기도 함,1
유연납휘발유로 만든 매연 들이마시고 본드불던 세대라 멍청함이 짱깨 싸다구 후려갈김,1
또 탄핵하려고 한거야?ㅋㅋㅋ 민주당 진짜 미친새끼들이네,1
정신병자 1찍새끼들 발작중,1
디씨 2찍새끼들 ㅋㅋㅋㅋㅋㅋㅋ 아이큐 자체가없는건가 ㅋㅋㅋㅋ 어떻게 씹ㅋㅋㅋ 국짐ㅋㅋ씹ㅋㅋㅋ내란범들을 지지하놐,1
니애미 보지로뽄드빨고 후장으로 스캇장풍쏘는 세상에이런일이보지 무상홍어허벌창보지 씨발년 김대중 좆물탱크 애미디진 홍어틀딱 여관바리 씹창년아,1
니애미 보지로뽄드빨고 후장으로 스캇장풍쏘는 세상에이런일이보지 썩은춘장허벌창보지 씨발년 모택동 좆물탱크 애미디진 좆족보지 여관바리 씹창년아,1
내란은 민주다이지 시발련아 ㅋㅋㅋ,1
뭐 어쩌라고 씨발 ㅋㅋㅋㅋㅋㅋㅋㅋ,1
중요인물들 다 탄핵해서 나라 개판 만드는게 목적인가? 민주당이 진짜 개쓉새끼들이지,1
진짜 지들 뜻대로 안되면 죄다 탄핵 쳐날라고 지랄났네 씨발 ㅋㅋㅋㅋㅋㅋㅋㅋ,1
형수보지찢 정당 홍어 씨발년들 지랄하노,1
법원 출석통지받고 도망간 새끼도 있는데 상목햄 한테만 지랄이노 ㅋㅋㅋㅋ,1
살기좋은나라 개좇센,1
저새끼 한국경제에 숏치는 새끼잖아 ㅋㅋㅋ,1
보지가리개를 수영복이라 입은 거임?,1
엠병신 언제 해체시키냐? 아니면 세금지원 끊어라 기레기 총본산아니냐,1
미친빨갱이새끼들이 공정을 얘기하노ㅋㅋㅋㅋㅋㅋ,1
개 씹새끼 mbc는 확실히 조져야됨,1
백번양보해서 윤두창 관련은 그렇다치자ㅅㅂ 빨갱이들은 왜 빠는지 설명해봐라 1찍 개새끼들아,1
병신목록 1순위로 들어가야하는게 MBC 아니노?,1
살다 살다 별 꼴을 다보네 시발 ㅋㅋ,1
제일 언론같지도않은 새끼들이 ㅋㅋㅋ,1
좆비씨 찐따새끼들아 머라 웅앵대노 ㅋㅋㅋㅋㅋㅋㅋㅋㅋㅋㅋㅋㅋㅋㅋㅋㅋㅋㅋㅋ 분위기파악하고 싸닫아라,1
종편은 그냥 시발 수꼴들의 대찬지급,1
민좆당이 싫어할만한건 일부러 보도안하고 음습하게 말바꿔서 민좆당한테 유리하게 보도하는 주제에 다른방송사보고 수꼴편이라 이지랄하면 안되지,1
그럼 균형맞추기면 아가리싸물고 가만있어야지 왜 위선쳐부리면서 우덜말고는 다 정권의개라고 조빠는소리함 ㅋㅋ,1
지랄하네 배급견새끼 배급견이라서 대가리가 그정도 생각에서 머물지 엠빙신이 진보?,1
좌빨이겠지 저새끼들덕분에 언론 신뢰도 팍팍깎이는게 배급견 눈깔에는 안보이지?,1
배급이 그렇게 좋아도 도축당해 서 니 뱃속으로 기어들어간 애매비는 안돌아온단다 정신차리면 니도 도축당해있을꺼고,1
mbc가 진보 편 든다 해도 여전히 수꼴쪽에 기울어진 운동장이니까 mbc에서 저런 소리 나오는거라고 존나 뻔뻔해~ 만약에 지들이 티조 제외하고 종편 지상파 싹다 진보장악 했으면 지랄발광했을걸?,1
그거는 좌빨도 수꼴도 다 그렇게얘기함 ㅋㅋㅋ 걍 니꼴리는대로 안되니까 기울어진 운동장 웅앵대는거지,1
이러니까 위선이라는거임 ㅋㅋㅋ 친일 웅앵웅 그래 근데 어쩌라고 느그가빠는건 좆거지 북괴잖아 ㅋㅋㅋㅋㅋㅋㅋㅋㅋ,1
민노총 북한중국빠는 병신새끼일 확률 100%,1
니들 무식한 돌머리로 굥찍었다가 먹버 당한게 쪽팔려서 심심하면 스탠스는 수꼴인데 2찍 틀딱 거리면서 아닌척 하는거임? 시발 역겹놐ㅋㅋㅋ,1
77 장애인새끼 mbc관계자냐 ㅋㅋ,1
좆비씨만 병신이란 뜻이잖아 ㅋㅋ,1
"엠병신, 좌이티비씨 관계자들 이거 보고도 반성은 커녕 뭐가 뮨제인지 모를거임.. 걔넨 그게 디폴트값이라 그냥 병신짓 하고 간첩질 하고 빨갱이 짱깨 뒷구멍 빨아대는게 당연한거임",1
누가 엠병신 사옥에 백린탄좀 부어버려라.. 자유민주주의 국가에 사회주의사상 언론사가 왜 있어 시발 빨리 없애버려야지,1
저새끼 친일파한테 싸대기 쳐맞던데,1
혐오 거짓 궤변은 엠병신이 제일 잘 하는 짓 아니노?ㅋㅋ 거지 까막눈이라 대충 선동한다고 넘어가던 시절도 아니고,1
네 다음 살인방송 좆비씨ㅋㅋㅋㅋㅋ,1
모아보니 엠병신 좆같네 ㅋ,1
좌파찬양 그럴수있다쳐도 북한빠는건 씨발,1
역겹네 시발,1
왜 전라도 홍어새끼들이 엠븅신만 보는지 이해 이해가 가지? 전라도 홍어새끼들은 북한 빨아주면 환장함,1
좆비씨는 이제 케이블로 가야함ㅋㅋ -,1
정신나간 짱퀴벌레 관영언론 ㅋㅋ,1
cbs가 개독방송인줄도 모르고 mbc랑 엮자 이러고 있네 cbs대놓고 수꼴편 특히 이준석 존나 빨아주더만 뭐래?,1
jtbc도 진보 편 드는척 심심하면 진보 쪽 공격하는 음침한 새끼들이고 ytn은 시발 대놓고 국짐 빨아주잖아,1
반에는 꼭 하나씩 있는 찐따새끼들 모여서 방송하는데가 좆비씨인갑노,1
대놓고 간첩질을 하는데 국민 븅신새끼야 이새끼들은 나라 잃어도 정신 못차림,1
진짜 좃비씨는 어디서 단체로 세뇌 시키냐?,1
엠병신들 저러면서 요오안나 청문회는 죄다 불출석 ㅋㅋㅋㅋ 그리고 기싸움 ON,1
"진짜 어지간하면 빨갱이 새끼들이라고는 안 하고 싶은데 그냥 MBC는 해산시키자, 그래 이참에 빨갱이 언론사 새끼들 싹 다 정리하자 김어준 필두로 싹 다 조져야 돼 이름하여, ""어준 잡기"" 다 씨발",1
민좆당이랑 똑같노 ㅋㅋㅋㅋㅋㅋㅋㅋㅋㅋㅋ,1
아직 짱깨새끼들 혐오는 도를 넘지 않았다,1
엠병신 언제 해체시키냐? 아니면 세금지원 끊어라 기레기 총본산아니냐,1
미친빨갱이새끼들이 공정을 얘기하노ㅋㅋㅋㅋㅋㅋ,1
개 씹새끼 mbc는 확실히 조져야됨,1
백번양보해서 윤두창 관련은 그렇다치자ㅅㅂ 빨갱이들은 왜 빠는지 설명해봐라 1찍 개새끼들아,1
제일 언론같지도않은 새끼들이 ㅋㅋㅋ,1
좆비씨 찐따새끼들아 머라 웅앵대노 ㅋㅋㅋㅋㅋㅋㅋㅋㅋㅋㅋㅋㅋㅋㅋㅋㅋㅋㅋㅋ 분위기파악하고 싸닫아라,1
종편은 그냥 시발 수꼴들의 대찬지급,1
민좆당이 싫어할만한건 일부러 보도안하고 음습하게 말바꿔서 민좆당한테 유리하게 보도하는 주제에 다른방송사보고 수꼴편이라 이지랄하면 안되지,1
그럼 균형맞추기면 아가리싸물고 가만있어야지 왜 위선쳐부리면서 우덜말고는 다 정권의개라고 조빠는소리함 ㅋㅋ,1
지랄하네 배급견새끼 배급견이라서 대가리가 그정도 생각에서 머물지 엠빙신이 진보? 좌빨이겠지 저새끼들덕분에 언론 신뢰도 팍팍깎이는게 배급견 눈깔에는 안보이지?,1
국정원이 ㅈ밥이냐 다 거르고 공산당에 통보도 해줌,1
별볼일 없는 일반 민간인 탈북한거 계속 받아서 세금나가는건 생각안하고 ㅅㅂ,1
적어보니 그냥 은수저인데? 빚없는 집부터가 ㅅㅂㅋㅋㅋㅋㅋㅋㅋㅋ,1
지구의 바퀴벌레 짱깨새끼들은 다 쳐죽여야하는데,1
응~ 느그 인육캡슐만든다고 애들 납치하는거 모를거 같음? 나가 뒤지렴 짱깨년아 ^^,1
"중국은 개 쓰레기고, 짱개, 페미 들은 그 부산물이다 ㅋㅋㅋㅋㅋㅋㅋㅋㅋㅋㅋㅋㅋㅋㅋㅋㅋㅋㅋㅋ",1
짱깨새끼들이 끼어서 겨들어온다는소리네,1
벼ㅛㅇ신새끼들이 탈북자마저 부러워하노 그저 해줘세대 대단하다 시팔거ㅋㅋ,1
진짜 바퀴하고 다를게뭔데 시발,1
"짱깨들 공무원, 대법원 태스크포스에서도 일하는데. 한국사람 공무원되려면 피토하면서 해야되지만.",1
"난임 여성병원 가보면 30대 후반 노괴 한녀, 짱깨년들, 동남아 년들 존나게 많음",1
징징거리지마 씨발 자영업 씹새끼들아,1
"인건비만 1천만원 쓰면서, 힘들게 일도 안하는 새끼가 존나 징징거리네 씨발",1
장사가 조스로 보이냐? 저런 직장일하다온 새기들 어떤지아냐?,1
저 병신같은 계산을 믿어준다고 해도 자기 가족 데려다 일하면 다가져가는거 아님?,1
아무런 세일즈 포인트가 없는데 그냥 창업 => 좆되고 나서 자영업자 힘들다 지랄,1
자영업자하는 새끼들이 리플에 최저시급 타령하네 ㅋㅋㅋㅋ 응 올라서 너무 좋은데 지랄 ㄴ ㅋㅋㅋㅋㅋㅋㅋㅋ,1
좆빡대가리 개병신 좆센징앰창바퀴벌레새끼들아 문재앙애미창년이 최저시급 개처올리고 소득주도성장 이씹지랄 앰창사기질할때부터 좆거지 대량양산인걸 알아차렸어야지,1
대가리 장애 저능아 문재앙애미창년새끼가 시급만 처올리기 누가 존나 손쉽고 간단한거 몰라서 안했냐 화폐 가치만 개떨어져서 원화가치 폭락하고 스테그플레이션에 고환율에 마이너스성장인데 아프리카 최빈국 되려고 개지랄염병질ㅋㅋㅋㅋㅋ,1
좆프리카는 자원이라도 있지 좆센징애미창년새끼들은 개코도 없는데 기냥 자살버튼 딸깍 처눌러놓고 빤쓰런한 문재앙 애미창년간첩새끼는 찢어죽여도 시원찮당께 오조오억 조각으로 난도질 고문사 시켜야 됨ㄹㅇ,1
대가리 개장애 문재앙 애미창년새끼가 취업 안된다고 딸깍 공무원만 대량으로 처뽑아놓고 애미창년짓해놓고 아가리 싹 닫고 빤쓰런ㅋㅋㅋㅋ,1
애미창년 문재앙 간첩새끼는 곱게 죽여선 안된당께 최대한 천천히 잔인하게 죽여야 된다 매국노는 본보기로 잔혹하게 죽일 필요가 있당께,1
매출 3500짜리 식당이 인건비가 1000만원이라고? 지랄 작작좀 ㅋㅋㅋㅋㅋㅋㅋㅋㅋㅋㅋ,1
하루 매출 말하는거 아니노????????? 개앰창 씹창 주작질도 적당히 해야지 ㅋㅋㅋㅋㅋㅋㅋㅋㅋㅋㅋㅋㅋㅋ,1
그래도 대박난 새끼들은 잘 살고 나름 좆만한 동네 가게들도 현금 할인 하면서 탈세하면서 직장인들보단 덜 착취당하고 살고있음. 누가 손해보면서 장사하겠노,1
지랄 앓는소리 ㅋㅋㅋ,1
왜 시발 그냥 인건비 2000만원내고 적자 1000만원 낸다고 하지?? 지랄도 정도껏 ㅋㅋㅋㅋ,1
매출 3500이면 개좆망한구멍가게아님?,1
여기도 개두창 못잃어 울부짖던 장애인들 개많던데,1
찢새끼는 범죄잔데 못잃는게 더웃긴데 ㅋㅋㅋㅋ,1
정치병자년 1직괴물,1
지랄마 초기부터 안멀쩡했어,1
형수보지찢견 홍어 씨발년들 소굴 아니노근근웹 유저층도 비슷함 노가다 ㅈ소 자영업 이런새끼들만있음,1
근근웹 유저층도 비슷함 노가다 ㅈ소 자영업 이런새끼들만있음,1
웃대가 더 틀딱은 틀딱임. 틀니앙도 개병신 좌좀 대가리 깨부숴야 하는 새끼들이긴 한데 ㅋㅋ,1
"본문에 나오는 X세대 (70년대생, 원조영포티) 들이 끼친 가장 큰 해악이 바로 이거임. ""X세대"" 가 개 병신인건데 ""40대"" 인식 자체를 씹창내버림.",1
그 중 제일은 베충이의 애미인 디씨니라 _ _ 아멘 그리스도 에쑤,1
와 씨발 진짜 그냥 구역질 확 올라오네 ㅋㅋㅋㅋㅋㅋㅋ,1
모바일겜 마갤에도 근첩새끼가 완장잡은곳 종종 있음 실제로 피카츄 배 긁어야지 이지랄하는 새끼 디시 기어옴,1
개같은 디씨가 그나마 가장 낫다는게 아이러니,1
걍 애미뒤진 쓰레기새끼들 모여잇는 곳ㅋㅋㅋㅋ,1
그나이는 커뮤를 안한다 딸피게이야,1
"야갤에서 야구 이야기 하고, 주갤에서 주식 이야기 했던 게 상상이 되냐? 니미 디시 실베도 개쓰레기 정치글에 편가르기 이딴 것만 쳐 오는데",1
틀내나는 디자인이라지만 하이텔 천리안 나우누리 쓰던 사람들에겐 저게 오히려 더 정감가고 이해하기 쉬운 템플릿일지도?,1
그냥 틀딱들이 점령한 일베 정반대버전이네ㅇㅇ,1
정보) 클리앙은 클리에라는 일본산pda 기기 정보 사이트이서 시작된 반일씹덕 좌파 586 커뮤니티이다,1
예전 아는 지인 새끼 중에 하나가 남 일베 눈팅하는 건 개지랄 거품을 처물면서 본인은 클리앙하면서 정치에 대해 얘기한다고 공공연히 떠들던 새끼가 있었는데 다같이 술자리만 생겼다하면 자기는 민주당 권리당원이라고 늘 자랑스럽게 떠들던 좆병신이 있었지 진짜 정치병자의 표본 같은 새끼였는데ㅋㅋㅋ,1
나 아는 새끼가 펨코 + 클리앙하는 새끼인데 정병 처걸려서 걸렀다. 병신새끼 ㅋㅋㅋㅋㅋ 단순히 관심이 있고 이런 걸 떠나서 사상에 찌들어서 그걸 남한테 옳고그름을 강요하는 수준으로 변하던데 진심으로 아구창 돌려버리고 싶더라,1
벌금 몇백만원짜리 형 때려서 대선결과 억지로 뒤집을 확률은 0프로다 희망회로 그만돌려라 통구이새끼야,1
"중국은 개 쓰레기고, 짱개, 페미 들은 그 부산물이다 ㅋㅋㅋㅋㅋㅋㅋㅋㅋㅋㅋㅋㅋㅋㅋㅋㅋㅋㅋㅋ",1
근데 대선전에 씹재명이 나락갈수있나? 그게 문제인데,1
평소같았으면 검찰이 어쩌고 법원이 어쩌고 판사가 어쩌고 아주 개좆지랄을 쌌어야될 새끼가 별말 안하고 가만히 있길래 믿는구석이 있나 이미 무죄될거 알고있나 했는데 존나 의외노 ㅋㅋㅋㅋㅋㅋ,1
범죄자 씨발놈,1
"논란있는 사람을 대선후보로 내세워놓고, 대법원 탓하는게 개꿀잼임 ㅋㅋㅋ 시발 내 상식이 잘못된거냐?ㅋㅋㅋ",1
시발놈아 전라도가 원한다고 그러면 일단 머가리 박아야될거아니냐,1
판결 받는 시간에 술 처빨고 있었노 ㅋㅋㅋㅋ 저런 놈 빨아주는 새끼들은 뭐임?,1
그럼 탄핵안하냐 병신아 범죄인이 대통령되면 무죄로 되냐 병신아 그럼 윤대통령은 왜 탄핵되었는데 ? 범죄인이 대통령되면 죄가 사면되냐 병신아,1
ㄴ응 사면됨 ㅂㅅ아,1
찢자이밍 셰셰 잘가시고 ㅋㅋㅋㅋㅋㅋㅋㅋㅋㅋㅋㅋㅋㅋㅋㅋㅋㅋㅋㅋㅋㅋㅋ,1
WWE하거나 친문계가 괘씸해서 이재명 조지고있거나 둘중하나지 시발ㅋㅋ,1
2심 판사 새끼들 얼마를 쳐 받았길래 싹 무죄가 나오노 ㅋ,1
대법원 판결과 고벚에서 다르게 무죄를 못내린다고 씹장애인년아 ㅋㅋㅋㅋㅋㅋ 니애비 팔병신 좆됐어 병신아 ㅋㅋㅋㅋㅋㅋㅋㅋ,1
니애미 창녀요 ㅋ,1
대법원 판결과 고법에서 다르게 무죄를 못내린다고 씹장애인년아 ㅋㅋㅋㅋㅋㅋ 니애비 팔병신 좆됐어 병신아 ㅋㅋㅋㅋㅋㅋㅋㅋ,1
응 좆됐어 ㅋㅋ 민주당에서 대법원장 탄핵 고려중~ ㅋㅋㅋㅋ,1
뭔 팩트야 병신아 1심논리 다 인용해서 파기환송한 건데,1
대한민국이 끝난건 이재명때문이 아니라 그런 짓을 해도 박수치는 국민들때문에 진작 끝난거임 ㅋㅋㅋ 이재명이 나가리 되도 다음 이재명이 와도 박수칠 새끼들이 대다수임 ㅋㅋ,1
서울고법 = 애미 뒤진 병신 새끼들,1
뱀눈깔은 무조건 걸러라 ㅋㅋㅋㅋ 오늘 치킨 시켜야지,1
이재명이 대통령 당선되는건 변함없는 사실 ㅋ 2찍들이나 지랄하지 ㅋㅋ,1
등신같은 윤재앙만 아니었어도 올해안에 찢 나가리 되는거였는데 이 빙신새끼 이거보니 더 열받네 씨발 진짜,1
즈그애미 뒤지는 소리하노 찢갈이년이 ㅋㅋㅋ,1
근데 국힘 후보가 김문수 한동훈 한덕수 이지랄ㅋㅋㅋㅋㅋㅋㅋ 이재명없는 민주당한테조차 따일판,1
개씹버러지 드디어 뒤지네 ㅋㅋㅋㅋㅋㅋㅋㅋㅋㅋㅋㅋㅋㅋㅋㅋㅋㅋ이 씹새끼는 사형시켜야 한다니까,1
저래놓곤 국민의 뜻 물고 늘어지며 정신승리 하고 있더라 존나 추한새끼 ㅋㅋㅋㅋㅋㅋㅋㅋㅋㅋㅋㅋㅋㅋㅋ,1
찢새끼 표정 보소 꺼얶,1
대체 윤석열 지지자랑 이재명 지지자랑 다를게 뭐임? 이 씹새끼들은 빠는 사람만 다르고 하는 짓이 똑같은데 씨발럼들이 찢겨져 죽어라 좀,1
좆까세요 좌빨좆병신새끼가 가서 이낙연 고추나빨아 시발ㅋㅋ,1
1심이 100만원이상에 1년 징역이었나 그러지 않았나? 2심 무죄는 씨바 진짜 판사 누구냐,1
솔직히 진영 떠나서 생각했을때는 이거정도로는 피선거권 박탈은 심하지 않나?라는 생각인데 2심에서 싹 무죄 준건 존나 선넘은 억지 판결이었음. 무죄 준 근거가 뭔 ㅅㅂ 원님재판도 아니고 장난치는 것 같은 소리를 함,1
윤석열이 지 이름 윤석렬이라고 부를때부터 알아봤어야 했는데 한국어도 제대로 못하는 이 ㅅㄲ야말로 중국인 아니냐,1
이새끼 드디어 목숨 걸겠노 ㅋㅋ 이겨야한다 vs 딸깍에서 이겨야한다 되버렸노 ㅋㅋㅋ,1
윤두창 병신 진짜 뭐한거노 ㅋㅋㅋㅋㅋㅋㅋㅋㅋㅋㅋㅋㅋㅋㅋㅋㅋㅋㅋㅋㅋㅋㅋㅋㅋㅋㅋ,1
윤두창<<가만있었으면 이기는거였노ㅋㅋ 병신,1
가만히 있었으면 찢은 감옥 가더라도 국민들은 병신인채였겠지,1
애초에 시발 국토부가 성남시를 뭣 때문에 압박하냐 ㅋㅋ,1
어거지로 씹재명 무죄라고 우겼던 2심 판새... 사형에 쳐해야겠지?,1
난독증 매크로새끼야 누가 무죄랬냐 유죄라도 대통령된 이상 무조건 5년 임기 가능하다 저능아임?,1
2심판사가 또 무죄라고 판결하면 그만이다. 그러면 이재명 대통령된다. 대법원이 뭐라하든 2심에서 개기면 그만이다 또 무죄하겠다 고 개기면 끄팅다 개기면,1
대법에서 유죄로 파기환송한 거라 무죄가 안된다니까 개병신 저능아년아 ㅋㅋㅋㅋㅋㅋ,1
6짤 좆간지노 ㅋㅋㅋ,1
존나 웃긴게 판사 죽이고 싶다고 발작하는 새끼가 있고 아무 상관 없고 우리 황제폐하 무사하다는 새끼가 있는데 도대체 괜찮다는거냐 좆됐다는거냐 병신 좌빨새끼들아 ㅋㅋㅋㅋㅋㅋ 지들끼리도 이게 어찌된 건지 판단이 안 서노? ㅋㅋㅋㅋㅋㅋ,1
팩트는 이새낀 절대로 후보 사퇴 안할거란거임 ㅋㅋㅋㅋ 범죄자 그 자체임 이새낀,1
너도 염전노예마냥 쳐맞아가면서 막노동하고싶어?,1
안된다고병신아 ㅋㅋㅋ 죄가 1개면몰라도 2개이상 유죄인데,1
조국이랑 콩밥이나 쳐먹으러 가라 찢칠라 병신새끼 ㅋㅋㅋㅋㅋㅋㅋㅋㅋㅋ,1
왜 몇몇 병신만 찢 옹호하고 자댓으로 ㄹㅇㅋㅋ 이지랄하면서 도배하고있냐 ㅋㅋㅋㅋㅋ 도배한다고 개소리에 설득력이 생김? 그건 광우뻥세대가 가능하고,1
전라도좌파통구이들 정신병걸려서 개발작 ㅋㅋㅋㅋㅋㅋㅋ 꺼어어어억ㅋㅋㅋㅋㅋㅋㅋㅋㅋㅋㅋ,1
대한민국 만ㄴ세다 ㅅㅂ 내친김에 전과10범가자,1
뭘 이해가 안가 개같이 무능하니까지 무슨 ㅋㅋㅋ 이유를 어렵게 찿네,1
윤두창은 거기까지 생각할 대가리가 안됨,1
구속이 되는데 계엄을 왜내려 ㅄ샛키야 그리고 계엄취지가 찢재명이아니라 탄핵때문인데 좆족임 ?,1
병신판새새끼들 민주당 전투력이랑 단결력만 풀파워로 만들어줬노 ㅋㅋㅋ,1
김앤장피셜 웅앵웅 30대 대법관의 오판 웅앵웅 이거 죄다 목인들이냐? 죄다 비슷한 템플릿이노 애미뒤진화짱조새끼들ㅋㅋ,1
헌법 조무사 강림한 무죄 외치던 병신들 어디갔노,1
확실히 유죄로 끝낼거면 파기자판 했었어야 했다 시발,1
"신천지하고 통일교 쌔끼들이 나라를 망치고 있네 이래서 종교""썌끼들은 과거부터 왕들이 괜히 몰살한게 아냐",1
개장애인 오늘 파기환송 확인하고 표정 존웃ㅋㅋㅋㅋㅋㅋㅋㅋㅋ,1
실베충이 내로남불인 이유 여초에서 조두순이나 출소한 범죄자까면 감성충이라고 이미 벌받았는데 왜 까냐함. 근데 이재명은 전과범이라고 존나깜ㅋㅋㅋ,1
이새끼는 단순한 전과범이 아니라 실시간으로 걸린 재판이 5갠데 ㅋㅋ,1
조두순이 정치하냐고 빡대가리야 ㅋㅋㅋ 비교를 좆도못하노,1
와 비유 수준 시발ㅋㅋㅋㅋ능지가 이 정도로 딸려야 이재명 지지하는구나 조두순이 나라 최고 권력자 자리에 오르겠다고 함?,1
찢재명 지키려고 조두순까지 데려와야 하노 ㅋㅋㅋㅋㅋ,1
ㄹㅇㅋㅋㅋㅋㅋㅋ 개새끼들임,1
개또라이들 이제 조희대 탄핵 ㅇㅈㄹ 하네 ㅋㅋㅋㅋ 진짜 좌파 이 미친새끼들 ㅋㅋㅋㅋ,1
2심 판결 내린새끼들은 뭐고 그럼,1
그런새끼들이 진성 내란세력임 ㅇㅇㅇ,1
이재명 판결 보니까 가만히 시간만 뻐겼으면 된건데 윤두창새끼가 재명이가 대통령이 되네 마네 하고 있는 좆같은 상황만들어놨네 ㅋㅋㅋㅋ,1
문재인 뽑은놈임 이거 ㅋㅋ 한국 씹창낸 주범,1
이런 능지 새끼가 투표권을 가지고 있다는게 개탄스럽다. 윤석열이 계엄 안했으면 내각제 새끼들이 찢을 건들일 생각이나 했을까?,1
부정선거 조사할려는 윤석열을 찢으로 견제하고 있었던게 내각제 새끼들인데. 니들은 사법부를 민주당이 장악했다고 처믿고 있지? ㅄ,1
"그거 개좆이야. 엄밀히 말하면 내각제 세력이 우리나라 사법부를 좌지우지 한다고, 그리고 내각제세력은 국힘+민주당이고, 정확히 말하면 친문 세력들이 내각제 세력이고, 국힘은 김무성계가 내각제고, 이 두 내각제 새끼들이 그동안 부정선거를 자행해왔다고,",1
애미쳐뒤진 병신내란견새끼 또붙었네 말투만봐도 개틀딱새끼가따로없네 ㅋ,1
하여간 대가리 쳐 깨진 새끼들 윤석열 까면 좌빨되는 기적의 논리 또등장 ㅋㅋㅋ 만나서 ㄹㅇ 대가리깨주고싶네 ㅋㅋ,1
ㅋㅋ 좌빨티 팍팍내네 ㅋㅋ 느그 수령님 잡혀가신다니 손발이 덜덜 떨리제?,1
잡법을 전라도 90% 지지 빡대가리 이대녀들 스윗 개팔육들 존나게 지지하는 거만 봐도 이나라는 망해야 함 그수준에 딱 어울리는 대통령,1
공산주의 찍어줄 수록 화짱조선족이랑 일자리 경쟁해야하고 상속 증여세로 부자들 조질수록 양질의 일자리 작살에 기업들 물적분할로 니들만 손해지뭐 ㅋㅋㅋㅋㅋㅋㅋㅋ 지들 손으로 공산당 쳐뽑고 계속 새벽출근하면서 왜때문이지???? 이지랄들 지능 씨발 ㅋㅋㅋㅋㅋㅋㅋㅋ 공산주의냐 자본주의냐 이거 둘중하나 선택이 어려워?????????? 하...능지 씨발               ,1
유죄 뜨면 당선 무효야 븅신 머저리 새꺄ㅋㅋㅋㅋㅋ,1
당선무효되면 존나 웃기겟다ㅋㅋㅋㅋ,1
씨이이이이이이이이이발 / 대한민국 이대로 망하는줄 알았지만 / 그래도 난세에 영웅이 등장하는구나 진짜,1
아으 씨발 오늘 잔치국수 존나 땡기네 진짜 엌ㅋ,1
정보) 이지랄하고 개소리 쳐 써놓네 병신년이 ㅋㅋ,1
바퀴벌레 짱깨 섬짱깨한텐 시진핑이 딱이지 ㅋㅋㅋㅋㅋㅋ,1
짱깨 간첩 찢재명 유죄 확정 ㅋㅋㅋㅋㅋㅋㅋㅋㅋㅋㅋㅋㅋㅋㅋㅋㅋㅋㅋㅋㅋㅋㅋㅋㅋㅋㅋㅋㅋㅋㅋㅋㅋㅋㅋㅋ,1
실수면 뭐 바꿔주겠데? 애미뒤진소리만 골라하노 ㅋㅋ,1
니눈엔 저게 30대로 보이냐 개병신 짱개놈의 새끼야?,1
초임판사 웃기고 있네 내가 실제 아는 법관 저중에두명인데 나이 엄청 많고 경력오래다. 어디서 개구라야. 입다물고있어 병신아,1
ㅋㅋㅋㅋ 그냥 애미뒤진새낔ㅋㅋㅋ,1
2심 판사 진심으로 니들이 사람새끼냐?,1
진짜 깜빵 프릭쇼 준비해야쓰겄노 우리 팔병신ㅋㅋㅋㅋㅋㅋㅋㅋㅋ,1
2심 판사새끼들 부끄러운 줄은 알까? ㅋㅋㅋㅋㅋㅋㅋ 전라도 출신은 걸러라 진짜 ㅋㅋㅋㅋㅋㅋㅋㅋㅋ,1
대선에 전과있는새끼가 나온다는게 되겠냐 애미 차에치인년아? ㅋㅋ,1
김문수 = 애미 차에 치여 뒤진년,1
오늘 잔치국수라고 민좆당버러지년들아ㅋㅋㅋㅋㅋㅋㅋㅋㅋㅋㅋㅋㅋㅋ,1
거기다가 윤석열 탄핵 안당했으면 또 윤석열이 뒤에서 사주해서 뭐라 지랄하고 있었을테니 정말 윤석열은 대단한 사람이다.,1
2심에서 지들끼리 짬짜미 해처먹고 스스로 면죄부 주더니 정의구현 당하고 발악 중인 짱깨부역 민좆당 대깨문 새끼들 ㅋㅋ,1
요새 디씨에서 패드립하면 안된다 자삭해라 좆됨,1
이새끼 지금 비트코인 초하락중에 잡고있는 새끼마냥 희망회로 돌리는거 타겠다 게이야 ㅋㅋㅋ,1
좆팔육살아잇으면 똑같다,1
다시 환송하면 2심 재심하는거임? 아니 빨리 판결을 내야 ㅅㅂ 대선전에 끝낼꺼아니야,1
2심에서 찢재명 무죄 때렸던 그 판새 새끼는 알아서 옷 벗어라,1
윤두창이 병신새끼 계엄왜함? 계엄안했으먼 찢재명 감방 확정인데 덕분에 ㅈ찌재명 대통령되게 생겼네,1
객관적으로 진짜 좆된거임? 아니면 당선되는데 문제 없는거냐,1
민좆당입장에서 개좆된거지 뭔 ㅋㅋㅋㅋㅋㅋ,1
병신 좌빨새끼야 선거법위반자 대통령을 뽑겠다고?,1
역대 최연소 대법관이 46세인데 이새끼는 뭐라 하는거노?,1
내 췽구가~ 킴앰좐 다뉘는뒈~~ 안쪽팔리냐? ㅋㅋㅋㅋㅋㅋ,1
무지성 대깨문,1
시발 진짜 이런 의도도 없는 개소리는 대체 왜 지껄이는 거임?,1
병신년인가? 3심이 뭔지도 모르노 ㅋㅋ 실수였으면 뭐 어이쿠 실수입니다하고 번복하겠냐?,1
진짜 짱개들 ㅈㄴ 만타니까,1
더쿠에서 뒤지라하면 뒤질년이네 ㅋㅋㅋ,1
WWE 마음껏 즐겨둬라 개돼지 새끼들아,1
전두창이 술이나 처먹고 지지율 좃박아서 스스로 거대 야당 만들어 줬고,1
경제 안보 민심 계엄으로 다시 ㅈ박아서 뭘 생지랄해도 야당에서 대통령각인데 여기서 무리하게 다시 법원이 정치질 한다?? ㅋ,1
가두리 당한 병신 개새끼들아,1
